ID,Name,PhotoUrl
740506350,Michele Taylor,https://randomuser.me/api/portraits/women/17.jpg
350813067,Curtis Jordan,https://randomuser.me/api/portraits/men/25.jpg
637441146,Paula Hunt,https://randomuser.me/api/portraits/women/11.jpg
670396764,Leah Simpson,https://randomuser.me/api/portraits/women/19.jpg
119031411,Carrie Freeman,https://randomuser.me/api/portraits/women/0.jpg
204213919,Jeremy Hopkins,https://randomuser.me/api/portraits/men/37.jpg
720872428,Lewis Lawrence,https://randomuser.me/api/portraits/men/6.jpg
304742725,Russell Mckinney,https://randomuser.me/api/portraits/men/6.jpg
451486369,Cherly Cole,https://randomuser.me/api/portraits/women/67.jpg
887877546,Gregory Taylor,https://randomuser.me/api/portraits/men/23.jpg
